,Feedstock flow (kg/hr),Feedstock capacity (million MT/yr),HMF MPSP [$/kg],MFPP [$/MT],Biodiesel MPSP [$/kg],HMF GWP (Energy) [kg CO2-eq/kg HMF],HMF GWP (Economic) [kg CO2-eq/kg HMF],HMF GWP (Displacement) [kg CO2-eq/kg HMF],Biodiesel GWP (Energy) [kg CO2-eq/kg biodiesel],Biodiesel GWP (Economic) [kg CO2-eq/kg biodiesel]
0,126262.6263,1.00,33.64500847,14.16791699,2.16868619,5.404388944,81.32989235,177.9026975,9.560150315,7.15570338
1,127528.417,1.01,33.47107183,14.39723043,2.162967972,5.476455973,82.38406926,181.6236563,9.687634039,7.248453747
2,128794.2077,1.02,33.26844812,14.66152104,2.15557226,5.585767956,84.02133799,187.5462193,9.881002615,7.392506678
3,130059.9985,1.03,33.07142861,14.91849349,2.148237747,5.678684649,85.41770014,192.6148918,10.04536857,7.515363761
4,131325.7892,1.04,32.86573988,15.18677405,2.140546921,5.740651026,86.34981346,196.0018012,10.15498464,7.597374523
5,132591.58,1.05,32.68157104,15.42698551,2.133653965,5.846087789,87.93609632,201.7668398,10.3414981,7.73694153
6,133857.3707,1.06,32.47853216,15.69181066,2.12605437,5.936466701,89.2959521,206.7095034,10.50137483,7.856586648
7,135123.1614,1.07,32.2981679,15.92706046,2.119302552,5.996239661,90.19545301,209.9795693,10.60711083,7.93572805
8,136388.9522,1.08,32.08230138,16.20766119,2.110764133,6.124307135,92.14434331,217.1580734,10.83365713,8.107198595
9,137654.7429,1.09,31.91653024,16.42482763,2.104911178,6.230519928,93.72559806,222.8335612,11.02154336,8.246323209
10,138920.5337,1.10,31.8372915,16.52818132,2.102024246,6.31343097,94.96906475,227.3356852,11.16820971,8.355727987
11,140186.3244,1.11,31.65175207,16.770183,2.095098771,6.370361177,95.82489437,230.4431793,11.26891699,8.431027028
12,141452.1151,1.12,31.58433999,16.85810445,2.092575155,6.470709133,97.33454534,235.9297354,11.44642856,8.563851679
13,142717.9059,1.13,31.40068954,17.09764281,2.085703335,6.556276054,98.62201887,240.6097308,11.59779306,8.67712834
14,143983.6966,1.14,31.20656127,17.35084837,2.078439439,6.611011846,99.44575769,243.6048176,11.69461851,8.749603915
15,145249.4874,1.15,31.03070791,17.58021721,2.071858874,6.709630838,100.9296166,248.9987571,11.86907161,8.880159286
16,146515.2781,1.16,30.85416658,17.81048373,2.065252862,6.793783196,102.1958667,253.6020034,12.0179338,8.991568633
17,147781.0688,1.17,30.68247922,18.03441922,2.058828583,6.89088442,103.6569049,258.9131528,12.18970203,9.120116155
18,149046.8596,1.18,30.50867198,18.26112013,2.052325343,6.973548923,104.9007807,263.4352041,12.33593226,9.229556923
19,150312.6503,1.19,30.33813713,18.48355294,2.045944701,7.025727068,105.6860612,266.2907673,12.42823334,9.298648798
20,151578.4411,1.20,30.16109928,18.70976664,2.038737285,5.255928438,79.09197212,169.7452807,9.297529552,6.958802919
21,152844.2318,1.21,30.0410387,18.87105879,2.034669439,5.329044677,80.17163752,173.6016029,9.426869287,7.053795856
22,154110.0225,1.22,29.8854187,19.07404401,2.028970632,5.440744523,81.84622337,179.6665265,9.624461897,7.201132085
23,155375.8133,1.23,29.83007289,19.14622937,2.026923551,5.531733622,83.21388384,184.6327332,9.785418015,7.321463888
24,156641.604,1.24,29.68629511,19.33376245,2.021550216,5.59670912,84.19127796,188.1846204,9.900357102,7.407458622
25,157907.3947,1.25,29.53290754,19.53383046,2.015813232,5.704993085,85.82040301,194.1059692,10.09190715,7.550795042
26,159173.1855,1.26,29.39334775,19.71586219,2.010592254,5.79848511,87.2270719,199.2191487,10.25729085,7.67455895
27,160438.9762,1.27,29.24347482,19.91134627,2.004985784,5.861593406,88.17669144,202.6714106,10.36892693,7.758109974
28,161704.767,1.28,29.09445685,20.10571539,1.999411438,5.967692555,89.77303332,208.4740786,10.55661213,7.898562011
29,162970.5577,1.29,28.94440594,20.30143204,1.99379867,6.059314454,91.15159717,213.4853492,10.71868764,8.019853134
30,164236.3484,1.30,28.79809806,20.49226662,1.988325983,6.120407659,92.07091431,216.8276264,10.82675911,8.100738041
31,165502.1392,1.31,28.6526237,20.68201418,1.982884633,6.254873832,94.09400524,224.1814357,11.06462445,8.278737029
32,166767.9299,1.32,28.51344336,20.86355221,1.977678709,6.358681268,95.6558928,229.8591418,11.2482557,8.416157648
33,168033.7207,1.33,28.37037316,21.05016424,1.972327563,6.447657367,96.9946728,234.7260526,11.4056509,8.533948442
34,169299.5114,1.34,28.23115916,21.23174656,1.967120725,6.506173588,97.87523371,237.9276427,11.50916378,8.611423433
35,170565.3021,1.35,28.10402573,21.3975715,1.962365527,6.608309137,99.41198247,243.5141431,11.68983753,8.746632247
36,171831.0929,1.36,28.11526862,21.38290252,1.962781904,6.695719075,100.7272106,248.2955881,11.84446225,8.862350856
37,173096.8836,1.37,28.09102822,21.41451699,1.961872247,6.748338304,101.519066,251.1748822,11.93754358,8.932021213
38,174362.6744,1.38,27.95899287,21.58673624,1.956934229,6.848916628,103.0323983,256.6764151,12.11546266,9.065169763
39,175628.4651,1.39,27.82488383,21.76166052,1.951918847,6.934978518,104.3273558,261.384312,12.26770274,9.179104889
40,176894.2558,1.40,27.65852132,21.97618143,1.945280427,5.145424881,77.4309594,163.7121049,9.10205313,6.812660904
41,178160.0466,1.41,27.56304208,22.10318835,1.94201902,5.219103873,78.52124827,167.6152955,9.232388353,6.908588533
42,179425.8373,1.42,27.56584155,22.0995373,1.942204134,5.332979378,80.22954516,173.8073498,9.433829617,7.058890784
43,180691.6281,1.43,27.43829818,22.26589809,1.937453376,5.430402861,81.69422173,179.1274936,9.606167906,7.187758421
44,181957.4188,1.44,27.31625333,22.42508686,1.932893602,5.497103928,82.6976031,182.7742268,9.724159457,7.276039608
45,183223.2095,1.45,27.19578551,22.5822187,1.92838967,5.607223596,84.35437176,188.7965973,9.918956793,7.421808215
46,184489.0003,1.46,27.09027808,22.71983674,1.924444208,5.702815026,85.79262884,194.0249712,10.08805425,7.548351369
47,185754.791,1.47,26.96935701,22.87756005,1.919922707,5.767715124,86.76918237,197.5752726,10.20285996,7.634272143
48,187020.5818,1.48,26.85043929,23.03267037,1.915476162,5.876060953,88.39933574,203.5012769,10.39451945,7.777699039
49,188286.3725,1.49,26.72961063,23.1902734,1.910958302,5.969744101,89.80890976,208.6255886,10.56024123,7.901718552
50,189552.1632,1.50,26.62424811,23.32770288,1.907018493,6.032998501,90.76071525,212.0860528,10.67213576,7.985461903
51,190817.954,1.51,26.60209282,23.35659891,1.906187987,6.135777558,92.30713514,217.7078532,10.85394785,8.121521619
52,192083.7447,1.52,26.48045749,23.51525445,1.901640283,6.227848979,93.69247194,222.7441927,11.01681855,8.243408651
53,193349.5355,1.53,26.36598592,23.66456585,1.897360369,6.289549689,94.62091071,226.1198215,11.12596467,8.325096113
54,194615.3262,1.54,26.26622346,23.79469114,1.893630185,6.394733801,96.20352238,231.8732998,11.3120312,8.464340114
55,195881.1169,1.55,26.15155491,23.94425969,1.889343099,6.485323533,97.56657816,236.8287709,11.47228086,8.584266781
56,197146.9077,1.56,26.04437346,24.08406234,1.885335882,6.545700623,98.47510956,240.132125,11.57908554,8.664202718
57,198412.6984,1.57,25.9477775,24.21005761,1.881724271,6.649492186,100.0367827,245.8096228,11.76268871,8.801604468
58,199678.4892,1.58,25.8374174,24.35400659,1.877598452,6.738875385,101.3816952,250.6992517,11.92080406,8.919934821
59,200944.2799,1.59,25.74185623,24.47865228,1.87402568,6.797880842,102.2695975,253.9277054,12.02518238,8.998055738
60,202210.0706,1.60,25.61733327,24.63986874,1.86906848,5.023437759,75.5965979,157.0456134,8.886262735,6.651267026
61,203475.8614,1.61,25.54049936,24.74129082,1.866423601,5.097668485,76.69689092,160.9921668,9.017573954,6.748074856
62,204741.6521,1.62,25.44576068,24.86486667,1.86293979,5.211886033,78.41108875,167.2092575,9.219620279,6.898896293
63,206007.4428,1.63,25.34126877,25.00116179,1.859046421,5.31069442,79.89677837,172.606864,9.394408407,7.029612736
64,207273.2336,1.64,25.33116845,25.01433442,1.858669936,5.375341485,80.86928939,176.1417262,9.50876651,7.115177836
65,208539.0243,1.65,25.2334098,25.14184692,1.855016121,5.486929749,82.54818113,182.2449674,9.706161736,7.262892913
66,209804.8151,1.66,25.13020872,25.2764585,1.851158546,5.583884531,84.00696195,187.5482783,9.87767091,7.391241821
67,211070.6058,1.67,25.03047527,25.40654704,1.847430489,5.650479356,85.0090034,191.1913771,9.995474522,7.479405117
68,212336.3965,1.68,24.93297916,25.53371731,1.843786076,5.760408403,86.66299395,197.2044103,10.18993466,7.624929295
69,213602.1873,1.69,24.845347,25.6480213,1.840510261,5.855940856,88.10039812,202.4301743,10.35892779,7.751397407
70,214867.978,1.70,24.74472483,25.7792693,1.836749181,5.920980214,89.07904716,205.988336,10.47397984,7.837502552
71,216133.7688,1.71,24.66147278,25.88786008,1.833637144,6.02949102,90.71171171,211.9239671,10.66593117,7.981150391
72,217399.5595,1.72,25.22250663,25.15605564,1.854596657,6.271739284,94.35642021,225.1737583,11.09445877,8.301825265
73,218665.3502,1.73,25.13788029,25.26643899,1.851433242,6.335435948,95.31487913,228.658642,11.20713565,8.386154009
74,219931.141,1.74,25.04588265,25.3864374,1.847994477,6.442636775,96.92784941,234.5228273,11.39676967,8.528069073
75,221196.9317,1.75,24.95096648,25.51024276,1.844446739,6.535346938,98.32281398,239.594553,11.56077028,8.650803192
76,222462.7225,1.76,24.85854783,25.63079046,1.840992375,6.597656167,99.26040489,243.0036519,11.67099284,8.733295893
77,223728.5132,1.77,24.76973821,25.74663066,1.837672894,6.703657276,100.8553347,248.8023594,11.85850461,8.873623689
78,224994.3039,1.78,24.74620966,25.77702722,1.836659677,6.788186266,102.1420137,253.5509099,12.00803305,8.98683045
79,226260.0947,1.79,24.67921098,25.86470785,1.8342567,6.852003602,103.0910418,256.9483283,12.1209234,9.070329433
80,227525.8854,1.80,24.56711927,26.00962515,1.829877767,5.106281007,76.84262703,161.575279,9.032809164,6.760897256
81,228791.6762,1.81,24.63051873,25.92821797,1.832407797,5.180931662,77.9517096,165.5615382,9.164863221,6.858478424
82,230057.4669,1.82,24.54957489,26.03380058,1.829427718,5.295778827,79.67582326,171.8161629,9.368023314,7.010172292
83,231323.2576,1.83,24.46193339,26.14811743,1.826162143,5.395372903,81.17344944,177.2577727,9.544201296,7.141938957
84,232589.0484,1.84,24.37617407,26.25997921,1.822959149,5.464482048,82.21311622,181.037019,9.66645264,7.233412669
85,233854.8391,1.85,24.2922895,26.36939566,1.819824525,5.576977034,83.90568133,187.1903785,9.865451822,7.382330779
86,235120.6299,1.86,24.2059761,26.48198028,1.816598835,5.674790594,85.37740248,192.5410594,10.03848014,7.511818225
87,236386.4206,1.87,24.11917621,26.59519952,1.813354932,5.786039735,87.05127404,198.6266983,10.23527547,7.659091607
88,237652.2113,1.88,24.04306208,26.69448045,1.810510266,5.882852135,88.50794809,203.9227804,10.40653278,7.787255154
89,238918.0021,1.89,24.05666136,26.67674049,1.811017134,5.950138848,89.52040968,207.6040095,10.52556031,7.876335253
90,240183.7928,1.90,23.97584262,26.78215813,1.807996776,6.060126155,91.17530728,213.6207751,10.72012351,8.021939236
91,241449.5836,1.91,23.88820509,26.89647015,1.804721723,6.154550558,92.59606268,218.7863716,10.88715654,8.146942527
92,242715.3743,1.92,23.89006886,26.89403789,1.804790245,6.291480847,94.65632847,226.2768979,11.12938081,8.328212298
93,243981.165,1.93,23.81149646,26.99652556,1.801853908,6.356241093,95.63078769,229.8200738,11.24393912,8.413948808
94,245246.9558,1.94,23.74407548,27.08446748,1.799334198,6.464361715,97.25761339,235.7349194,11.43520023,8.557082922
95,246512.7465,1.95,23.66187377,27.19168926,1.796262367,6.557824704,98.66391416,240.848082,11.60053256,8.680814442
96,247778.5373,1.96,23.58386423,27.29344286,1.793347177,6.621297297,99.61900534,244.3209086,11.71281307,8.764846881
97,249044.328,1.97,23.50772419,27.39275794,1.790501859,6.728197598,101.2274792,250.1691245,11.90191547,8.906366337
98,250310.1187,1.98,23.42714006,27.49786989,1.787490572,6.820478595,102.6160035,255.2177374,12.06515691,9.028533811
99,251575.9095,1.99,23.35097488,27.59721786,1.784644393,6.882767052,103.5532837,258.6258713,12.17534272,9.110999179
100,252841.7002,2.00,23.25661524,27.72018423,1.780936198,5.027869899,75.6652046,157.3032281,8.894103015,6.657303295
101,254107.4909,2.01,23.20143593,27.79227132,1.779015406,5.102499527,76.77327297,161.2825322,9.026119876,6.754795231
102,255373.2817,2.02,23.13106691,27.88406041,1.776417838,5.174079554,77.84687159,165.1742422,9.152742113,6.84925439
103,256639.0724,2.03,23.05720465,27.98040465,1.773664869,5.244685388,78.90847929,169.0314047,9.277641041,6.942658544
104,257904.8632,2.04,22.98290121,28.07732435,1.770889954,5.314767234,79.96280881,172.8642187,9.401613055,7.035422337
105,259170.6539,2.05,22.99235058,28.06499781,1.771242455,5.381944234,80.97357142,176.5391422,9.520446512,7.124352953
106,260436.4446,2.06,22.91743515,28.16271586,1.768443268,5.451011307,82.01280237,180.3176909,9.642623432,7.215788318
107,261702.2354,2.07,22.85743331,28.2409808,1.766201139,5.520825283,83.06328012,184.1371757,9.766121594,7.308213219
108,262968.0261,2.08,22.78249437,28.33872957,1.76340105,5.589011298,84.08926828,187.8676528,9.886739959,7.398483434
109,264233.8169,2.09,22.72235413,28.4171751,1.761153799,5.658233824,85.13085144,191.6548401,10.00919187,7.490125756
110,265499.6076,2.10,22.64790085,28.51429044,1.75837191,5.725901792,86.14904839,195.3570268,10.12889383,7.579710473
111,266765.3983,2.11,22.57517013,28.60915893,1.755654395,5.824154964,87.62741691,200.7322527,10.3026998,7.709782778
112,268031.1891,2.12,22.50546287,28.70008368,1.753049855,5.965414807,89.75284529,208.4599898,10.55258288,7.896785793
113,269296.9798,2.13,22.44078558,28.7844474,1.750633226,6.076122568,91.41860535,214.5165667,10.74842053,8.043345497
114,270562.7706,2.14,22.3693064,28.87768348,1.747962552,6.172227567,92.86466058,219.774393,10.91842647,8.170574759
115,271828.5613,2.15,22.30174791,28.96580549,1.745438356,6.238358785,93.85974515,223.3926551,11.03540998,8.258125964
116,273094.352,2.16,22.24669967,29.03760925,1.743381482,6.348062212,95.51040157,229.3943963,11.22947101,8.403356794
117,274360.1428,2.17,22.17583675,29.13004157,1.740733904,6.442786554,96.93569075,234.5767941,11.39703462,8.528758983
118,275625.9335,2.18,22.11683042,29.20700829,1.738529232,6.507803232,97.9140114,238.1341634,11.51204656,8.614835236
119,276891.7243,2.19,22.12302635,29.19892573,1.738760074,6.643377172,99.95391347,245.551169,11.75187149,8.794313332
120,278157.515,2.20,22.05133157,29.29255595,1.735948367,4.984432649,75.01219847,154.9305881,8.817264238,6.599849412
121,279423.3057,2.21,22.01135681,29.3445843,1.734559031,5.059085342,76.12138827,158.9167522,8.949321899,6.697440014
122,280689.0965,2.22,22.01871758,29.33498339,1.734855713,5.130905532,77.19894716,162.8243169,9.076368975,6.792247613
123,281954.8872,2.23,21.95524857,29.4177713,1.732489455,5.202373081,78.27360301,166.7293645,9.202792243,6.886799791
124,283220.678,2.24,21.88885004,29.50438046,1.730009883,5.272539127,79.32922207,170.5670746,9.326913204,6.979677043
125,284486.4687,2.25,21.82255565,29.59085382,1.72753336,5.37316968,80.84332736,176.0721894,9.504924673,7.112893601
126,285752.2594,2.26,21.85195442,29.55250572,1.728630998,5.516402536,82.99844621,183.9080164,9.75829793,7.302508893
127,287018.0502,2.27,21.79533458,29.62635968,1.726515643,5.629580336,84.70137335,190.099823,9.958504982,7.452338693
128,288283.8409,2.28,21.76022746,29.67215263,1.725203835,5.727985523,86.18203869,195.4835596,10.13257987,7.582613081
129,289549.6317,2.29,21.69955794,29.75128901,1.72293724,5.840146571,87.86967509,201.6198313,10.33098832,7.731097545
130,290815.4224,2.30,21.63548501,29.83486481,1.720543545,5.937841925,89.33966559,206.9648054,10.50380754,7.860432722
131,292081.2131,2.31,21.57424335,29.91474753,1.718255621,6.005414369,90.35643412,210.6619625,10.62334052,7.949891761
132,293347.0039,2.32,21.5841764,29.90179043,1.718626177,6.143582524,92.43537535,218.2210227,10.86775453,8.132804665
133,294612.7946,2.33,21.52375493,29.98060333,1.716368917,6.210354295,93.4401008,221.8744311,10.98587115,8.221204109
134,295878.5854,2.34,21.47352881,30.04611751,1.714492484,6.350400976,95.54731168,229.5363306,11.23360819,8.406604281
135,297144.3761,2.35,21.41530021,30.12207008,1.712317169,6.460023013,97.19676011,235.5338988,11.42752524,8.551728827
136,298410.1668,2.36,21.43343501,30.0984147,1.712994094,6.555941644,98.64003068,240.7818534,11.5972015,8.678713086
137,299675.9576,2.37,21.37658254,30.17257229,1.710870204,6.664893181,100.2793951,246.7428015,11.78993246,8.822950402
138,300941.7483,2.38,21.31415848,30.25399745,1.70853823,6.759102153,101.6969462,251.8972837,11.95658441,8.947671765
139,302207.539,2.39,21.27156086,30.30956113,1.706946798,6.823467175,102.6654688,255.4191632,12.07044359,9.032885951
140,303473.3298,2.40,21.1867544,30.42021475,1.703637457,4.949354609,74.49207914,153.0638797,8.755212572,6.554087398
141,304739.1205,2.41,21.15103756,30.4667677,1.70241327,5.06895933,76.27295355,159.4780458,8.966788593,6.710775286
142,306004.9113,2.42,21.09724407,30.53693779,1.700428059,5.171001896,77.80405197,165.0307649,9.147297858,6.845486962
143,307270.702,2.43,21.0409219,30.61040381,1.698329433,5.24213164,78.87335338,168.9154777,9.273123562,6.939568038
144,308536.4927,2.44,20.98382362,30.68488216,1.696197653,5.386275088,81.04198206,176.7999301,9.528107621,7.130371973
145,309802.2835,2.45,20.92767568,30.75812091,1.69410047,5.456442063,82.09773246,180.6386424,9.652230225,7.223260781
146,311068.0742,2.46,20.94040781,30.74151281,1.694575731,5.597442865,84.21929234,188.3527484,9.901655068,7.40992343
147,312333.865,2.47,20.88612909,30.81231338,1.692548135,5.710466741,85.91992221,194.5364332,10.10158983,7.559551108
148,313599.6557,2.48,20.83172608,30.88327609,1.690515905,5.809051795,87.40330863,199.9302571,10.2759829,7.690064907
149,314865.4464,2.49,20.80110857,30.92321311,1.689372055,5.921451984,89.09456079,206.0798963,10.47481438,7.838867499
150,316131.2372,2.50,20.7429054,30.99913276,1.687197918,6.019042568,90.56298833,211.4193702,10.64744827,7.968065161
151,317397.0279,2.51,20.68865119,31.06990142,1.685171285,6.086788577,91.58237388,215.1261534,10.76728828,8.057754455
152,318662.8187,2.52,20.63395574,31.14124564,1.683128183,6.227710355,93.70277122,222.8362237,11.01657333,8.24431482
153,319928.6094,2.53,20.61363172,31.16775591,1.682368825,6.338330368,95.36724698,228.8885876,11.21225576,8.390761525
154,321194.4001,2.54,20.55833141,31.23988915,1.68030316,6.434542619,96.81494364,234.1527611,11.38245143,8.518135208
155,322460.1909,2.55,20.50739584,31.30632904,1.678400526,6.544535858,98.46999239,240.1708861,11.57702512,8.663752491
156,323725.9816,2.56,20.45818905,31.37051394,1.676562468,6.63980697,99.9035326,245.383625,11.74555595,8.789880637
157,324991.7724,2.57,20.40556283,31.43915913,1.674596716,6.778776702,101.9945704,252.9870582,11.99138791,8.973857838
158,326257.5631,2.58,20.35301706,31.5076994,1.672633982,6.917189424,104.0772295,260.5600505,12.23623454,9.15709786
159,327523.3538,2.59,20.30058229,31.5760949,1.670675405,7.054960643,106.1502393,268.0979831,12.47994638,9.339488892
160,328789.1446,2.60,20.26876056,31.61751859,1.6693549,4.915993868,73.99880121,151.2967073,8.69619874,6.510686989
161,330054.9353,2.61,20.25174989,31.63979056,1.668821374,5.067280544,76.25080667,159.4080869,8.963818888,6.708826722
162,331320.7261,2.62,20.20752578,31.69747681,1.667192739,5.213591933,78.44655453,167.3729159,9.222637949,6.902016703
163,332586.5168,2.63,20.15813306,31.76190432,1.665352916,5.358425963,80.62449814,175.2876432,9.478843621,7.093640201
164,333852.3075,2.64,20.11651397,31.81619193,1.663799443,5.502391396,82.79039259,183.1621086,9.733512777,7.28420357
165,335118.0983,2.65,20.06625004,31.88175586,1.661922252,5.64589259,84.94953757,191.0128996,9.987360715,7.474173095
166,336383.889,2.66,20.01685864,31.94618168,1.660077467,5.788850548,87.10056562,198.8344056,10.24024769,7.663428462
167,337649.6798,2.67,19.96615138,32.01232391,1.658183509,5.93110714,89.24105502,206.6176627,10.49189397,7.851756601
168,338915.4705,2.68,19.91667742,32.07685745,1.656335611,6.073028005,91.3764992,214.3826146,10.74294637,8.039640842
169,340181.2612,2.69,19.88196175,32.1221403,1.655038902,6.214392636,93.50357689,222.1171707,10.99301481,8.226788969
170,341447.052,2.70,19.83269556,32.18640284,1.653198784,6.355116368,95.6210136,229.8166939,11.24194953,8.413088848
171,342712.8427,2.71,19.86305284,32.14680468,1.654332362,6.495521765,97.73366371,237.4988394,11.49032113,8.598967583
172,343978.6335,2.72,19.81442801,32.21023064,1.652516207,6.635388009,99.83820434,245.1515232,11.73773898,8.784132816
173,345244.4242,2.73,19.82692466,32.19392986,1.652982749,6.772501485,101.9013277,252.6536284,11.9802873,8.965654001
174,346510.2149,2.74,19.78735358,32.24554613,1.651504739,6.911440383,103.9919191,260.2556333,12.22606471,9.149591932
175,347776.0057,2.75,19.73938212,32.30811987,1.649713011,7.049856281,106.0746436,267.8290561,12.47091696,9.332837707
176,349041.7964,2.76,19.69097009,32.37126829,1.647904839,7.187663838,108.1482172,275.3692268,12.71469308,9.515278343
177,350307.5871,2.77,19.6464808,32.42929991,1.646243177,7.325215115,110.2179369,282.895406,12.95801585,9.697379903
178,351573.3779,2.78,19.59949725,32.49058505,1.644488373,7.462228473,112.2795651,290.3921849,13.20038706,9.878769543
179,352839.1686,2.79,19.56126302,32.54045759,1.643060333,7.598706468,114.333139,297.8596924,13.44181124,10.05945054
180,354104.9594,2.80,19.50191668,32.61788641,1.640818954,4.970217236,74.79309201,154.1160775,8.792117735,6.580571618
181,355370.7501,2.81,19.46486588,32.66619787,1.639454747,5.117279027,76.99875861,162.113119,9.052264227,6.774634287
182,356636.5408,2.82,19.42109197,32.72329619,1.637823978,5.26269739,79.1852481,170.0583627,9.30950356,6.967009683
183,357902.3316,2.83,19.44960189,32.68610773,1.638889461,5.4079842,81.37098371,178.0049999,9.566510181,7.15931875
184,359168.1223,2.84,19.40325387,32.74656394,1.637158643,5.551848001,83.53558936,185.8758073,9.820999557,7.349768725
185,360433.9131,2.85,14.50525616,41.06628622,1.428289021,3.993231385,52.346,62.06471561,7.0638684,4.605584168
186,361699.7038,2.86,14.74241657,40.62543391,1.438411838,4.021383211,52.651,63.10523721,7.113667867,4.632433771
187,362965.4945,2.87,15.05186067,40.05205575,1.452255443,4.034492601,52.806,63.69272672,7.13685786,4.646096472
188,364231.2853,2.88,14.94722237,40.24775407,1.447497307,4.056635144,53.071,64.59037297,7.176027144,4.669347068
189,365497.076,2.89,14.91185313,40.31180802,1.446065245,4.060362215,53.138,64.85909545,7.182620185,4.675308837
190,366762.8668,2.90,14.89126378,40.34977621,1.445076213,4.070699821,53.269,65.2982844,7.200907001,4.686835711
191,368028.6575,2.91,15.01655647,40.11755251,1.450670245,4.094856202,53.584,66.4189515,7.243638683,4.71455105
192,369294.4482,2.92,14.99624422,40.15520444,1.449745518,4.101249793,53.666,66.70703487,7.254948692,4.721720614
193,370560.239,2.93,14.9407798,40.25800822,1.447250382,4.109853257,53.778,67.1029446,7.270167881,4.731570152
194,371826.0297,2.94,14.88383186,40.36356238,1.444692352,4.118291812,53.888,67.49299045,7.28509535,4.74127846
195,373091.8205,2.95,14.98027389,40.18483626,1.449022771,4.140902689,54.187,68.55583318,7.325093098,4.767609298
196,374357.6112,2.96,14.6235495,40.8459736,1.433008703,4.145316518,54.247,68.7673545,7.332900987,4.772822019
197,375623.4019,2.97,14.75172669,40.60843192,1.438766135,4.153526098,54.355,69.14970764,7.347423409,4.782330804
198,376889.1927,2.98,14.84396346,40.43749871,1.442909091,4.16327896,54.482,69.59629804,7.364675836,4.793500934
199,378154.9834,2.99,14.9467219,40.24706456,1.447523488,4.185729073,54.779,70.65163929,7.404389199,4.819657541
200,379420.7742,3.01,14.27684708,41.49084141,1.418247919,3.373489645,44.218,33.23796658,5.967569772,3.890474604
201,380686.5649,3.02,14.59559461,40.89778895,1.432030373,3.400532483,44.525,34.34284206,6.015407481,3.917492148
202,381952.3556,3.03,14.79131165,40.53511879,1.440668188,3.416174464,44.71,35.04026098,6.043077528,3.933786941
203,383218.1464,3.04,14.76645358,40.58120792,1.439493875,3.441500053,45.038,36.2201216,6.087877494,3.96263817
204,384483.9371,3.05,14.78088829,40.55446808,1.440115891,3.452363084,45.182,36.74364315,6.107093765,3.975253857
205,385749.7279,3.06,14.73920643,40.63173109,1.438232581,3.463425866,45.325,37.25245794,6.12666339,3.987874554
206,387015.5186,3.07,14.68628274,40.72982933,1.435852598,3.474203426,45.466,37.7504618,6.145728467,4.000248562
207,388281.3093,3.08,14.96329765,40.21643155,1.448286238,3.499037814,45.793,38.91479525,6.189659517,4.029065657
208,389547.1001,3.09,14.76121839,40.59096926,1.439215989,3.507261929,45.901,39.29511543,6.204207651,4.038541288
209,390812.8908,3.10,14.70940209,40.68701531,1.436891498,3.517719837,46.038,39.77928211,6.222707278,4.050602554
210,392078.6816,3.11,14.65437741,40.78900798,1.43442339,3.528139104,46.175,40.26231563,6.241138548,4.062630867
211,393344.4723,3.12,14.74967268,40.61240131,1.438702781,3.552724872,46.5,41.41593663,6.284629799,4.09119733
212,394610.263,3.13,14.76043211,40.59247104,1.439187693,3.560729639,46.591,41.70444454,6.298789916,4.099265939
213,395876.0538,3.14,14.70557982,40.69414437,1.436727641,3.571016796,46.726,42.18154123,6.31698749,4.111143444
214,397141.8445,3.15,14.65107335,40.79517705,1.434283183,3.581275011,46.861,42.65723292,6.335133867,4.122986726
215,398407.6352,3.16,14.7461869,40.61890563,1.438554282,3.605699401,47.183,43.80338705,6.378339647,4.151364558
216,399673.426,3.17,14.55047027,40.98165651,1.429771908,3.613607268,47.287,44.16909845,6.39232835,4.160483121
217,400939.2167,3.18,14.49670278,41.08132041,1.427360786,3.623746417,47.42,44.63937683,6.410264104,4.172191141
218,402205.0075,3.19,14.6204952,40.8518949,1.432918934,3.633858418,47.553,45.1083286,6.428151834,4.183866809
219,403470.7982,3.20,14.80638513,40.50737673,1.441263936,3.65813073,47.873,46.24669185,6.471088594,4.212063053
220,404736.5889,3.21,14.13968263,41.7449492,1.412123805,3.358320874,44.026,32.5733126,5.940736816,3.873528719
221,406002.3797,3.22,14.30622841,41.43422516,1.41909351,3.383030662,44.307,33.59185804,5.984447452,3.898265832
222,407268.1704,3.23,14.45186205,41.16446034,1.425479539,3.399853803,44.508,34.33972307,6.014206924,3.915943294
223,408533.9612,3.24,14.76027009,40.59288427,1.439253359,3.426879556,44.857,35.5924775,6.062014412,3.946699279
224,409799.7519,3.25,14.59439467,40.90033443,1.43178506,3.43605549,44.962,35.93089996,6.078246277,3.955906805
225,411065.5426,3.26,14.411364,41.2395789,1.423560193,3.44577269,45.089,36.38468528,6.09543562,3.967078085
226,412331.3334,3.27,14.52832465,41.02281225,1.428805158,3.458059724,45.248,36.94615816,6.117170898,3.981104398
227,413597.1241,3.28,14.62652469,40.84081619,1.433209943,3.483022693,45.577,38.11600042,6.161329402,4.010053018
228,414862.9149,3.29,14.60896043,40.87338074,1.432422239,3.491415022,45.687,38.50368387,6.176175099,4.019710979
229,416128.7056,3.30,14.55729113,40.96915682,1.43010481,3.502006747,45.826,38.9946185,6.194911442,4.031929613
230,417394.4963,3.31,14.37136051,41.31377822,1.42176281,3.511156605,45.947,39.42557549,6.21109718,4.042584333
231,418660.2871,3.32,14.47176631,41.12769291,1.426271281,3.535818965,46.273,40.58356145,6.254723919,4.071242341
232,419926.0778,3.33,14.27701744,41.48865969,1.417534082,3.544041778,46.38,40.9636852,6.269269749,4.080721689
233,421191.8686,3.34,14.56835925,40.94868412,1.43060948,3.555849889,46.534,41.50432813,6.290157831,4.09425284
234,422457.6593,3.35,14.51747016,41.04301469,1.428326933,3.566271726,46.671,41.98706706,6.308593649,4.106273742
235,423723.45,3.36,14.6134658,40.86510153,1.432636346,3.590800571,46.995,43.13790501,6.351984206,4.13476544
236,424989.2408,3.37,14.31457456,41.41909326,1.419226426,3.597470776,47.071,43.37671197,6.363783535,4.141454562
237,426255.0315,3.38,14.26440525,41.51209075,1.416978201,3.607734779,47.206,43.85364341,6.381940149,4.153316408
238,427520.8223,3.39,14.56698441,40.95128262,1.430556985,3.619373344,47.363,44.42150857,6.40252831,4.16715701
239,428786.613,3.40,14.66332518,40.77272829,1.434880799,3.643777194,47.685,45.56603238,6.445697757,4.19549755
240,430052.4037,3.41,14.03215791,41.94281269,1.407355209,3.344926389,43.847,31.92377998,5.9170425,3.857835581
241,431318.1945,3.42,14.18578833,41.65803723,1.41371421,3.36885139,44.118,32.9090488,5.959364882,3.88165393
242,432583.9852,3.43,14.46463101,41.14106251,1.42608281,3.399406671,44.502,34.31071972,6.013415965,3.915493197
243,433849.776,3.44,14.47524539,41.12137269,1.42650146,3.409974888,44.634,34.7854722,6.032110723,3.927091329
244,435115.5667,3.45,14.4376195,41.19111705,1.424787703,3.421651621,44.784,35.32022054,6.052766402,3.940294878
245,436381.3574,3.46,14.39417344,41.2716527,1.42282715,3.432867241,44.93,35.83693013,6.07260639,3.953109131
246,437647.1482,3.47,14.36813568,41.31992313,1.42165448,3.456639904,45.244,36.95717823,6.114659291,3.980743602
247,438912.9389,3.48,14.1870424,41.65558714,1.413529475,3.465252274,45.357,37.35546461,6.129894233,3.99065573
248,440178.7297,3.49,14.46072543,41.14832885,1.42580865,3.477284514,45.502,37.83306837,6.15117879,4.003419759
249,441444.5204,3.50,14.41239099,41.23792599,1.423640384,3.48800968,45.642,38.3296016,6.170151184,4.015779278
250,442710.3111,3.51,14.5089759,41.05891601,1.427975072,3.512803538,45.969,39.49245792,6.214010539,4.044559413
251,443976.1019,3.52,14.31899997,41.41104535,1.419453588,3.521200156,46.079,39.88059642,6.228863824,4.054233625
252,445241.8926,3.53,14.14617071,41.7313943,1.411701607,3.530462274,46.202,40.31608192,6.245248144,4.065008064
253,446507.6833,3.54,14.38998346,41.27949683,1.422642517,3.542287037,46.356,40.85861573,6.266165682,4.078573352
254,447773.4741,3.55,14.48681283,41.10003256,1.426987396,3.566947099,46.681,42.01488647,6.309788356,4.107201773
255,449039.2648,3.56,14.29929282,41.4476117,1.418576551,3.575208128,46.79,42.39682715,6.324401791,4.116720144
256,450305.0556,3.57,14.25167093,41.53588905,1.416441936,3.585639582,46.926,42.88045351,6.342854619,4.128757958
257,451570.8463,3.58,14.20432434,41.62365631,1.414319707,3.59604517,47.063,43.36281306,6.361261693,4.14076496
258,452836.637,3.59,14.34567182,41.36167629,1.420662444,3.619260361,47.37,44.45838948,6.402328448,4.167823054
259,454102.4278,3.60,14.32404894,41.40176408,1.419695044,3.628653832,47.493,44.88724088,6.418945127,4.178569645
260,455368.2185,3.61,13.89261553,42.2012098,1.401127724,3.332987018,43.682,31.30766652,5.895922225,3.843266497
261,456634.0093,3.62,14.04577795,41.91770442,1.407466751,3.356237117,43.946,32.2715909,5.937050732,3.866509793
262,457899.8,3.63,14.32212642,41.40538014,1.419723114,3.386690885,44.33,33.67170088,5.990922242,3.90032664
263,459165.5907,3.64,14.15719494,41.7110742,1.412270242,3.397102158,44.46,34.1401144,6.009339373,3.911773131
264,460431.3815,3.65,14.28484368,41.4744793,1.417968728,3.408819637,44.611,34.67715089,6.030067129,3.925034327
265,461697.1722,3.66,14.24378804,41.55058597,1.416115877,3.420102327,44.757,35.19711743,6.050025762,3.937928162
266,462962.963,3.67,14.34374118,41.36532839,1.420594805,3.445270206,45.089,36.37592402,6.094546746,3.967080043
267,464228.7537,3.68,14.03966933,41.92894625,1.40695422,3.452744476,45.187,36.72762804,6.107768433,3.975760481
268,465494.5444,3.69,14.1150234,41.78928406,1.410335516,3.464820413,45.345,37.2815993,6.129130288,3.989604929
269,466760.3352,3.70,14.23119582,41.57396287,1.415546631,3.47563686,45.487,37.78234203,6.148264155,4.002070452
270,468026.1259,3.71,14.32868226,41.39327639,1.41992075,3.500497183,45.814,38.94815282,6.192241083,4.03092439
271,469291.9167,3.72,14.19433249,41.64230899,1.413896019,3.509037524,45.932,39.37777863,6.20734861,4.04125219
272,470557.7074,3.73,14.17385791,41.68026875,1.412979253,3.519669113,46.06,39.80215836,6.226155469,4.052556321
273,471823.4981,3.74,14.12886462,41.76367528,1.410962774,3.530312806,46.2,40.29541872,6.244983741,4.064833056
274,473089.2889,3.75,14.30296593,41.44260633,1.418734074,3.55495356,46.517,41.41202768,6.28857226,4.092742804
275,474355.0796,3.76,14.0365396,41.93505868,1.40694729,3.55932413,46.59,41.68620203,6.296303625,4.099171533
276,475620.8704,3.77,14.14249075,41.73847993,1.411637355,3.57228219,46.756,42.25672637,6.319225921,4.113794407
277,476886.6611,3.78,14.27065534,41.5008989,1.41735555,3.598042248,47.093,43.45889137,6.364794445,4.143443833
278,478152.4518,3.79,14.07526755,41.86306706,1.408580373,3.606465081,47.202,43.84412396,6.379694104,4.153005906
279,479418.2426,3.80,14.1921388,41.64644666,1.413816707,3.617090545,47.341,44.33461564,6.398490129,4.165196678
280,480684.0333,3.81,13.75979121,42.44716582,1.395200073,3.322361189,43.55,30.86267739,5.877125555,3.831674955
281,481949.8241,3.82,13.89715275,42.19333406,1.400832455,3.345006497,43.808,31.8047233,5.917184209,3.854377133
282,483215.6148,3.83,14.17443165,41.67931221,1.413129826,3.375360873,44.192,33.2041914,5.970879899,3.888192438
283,484481.4055,3.84,14.00403259,41.99515341,1.40543376,3.38563586,44.321,33.66708764,5.989055946,3.899512111
284,485747.1963,3.85,14.17801566,41.67266849,1.413209249,3.397350085,44.461,34.13800973,6.009777946,3.911884245
285,487012.987,3.86,14.13914138,41.7447332,1.411454769,3.408689541,44.609,34.66072,6.029836996,3.924846999
286,488278.7778,3.87,14.24035208,41.55713932,1.415989279,3.433911296,44.941,35.84204976,6.074453282,3.954058988
287,489544.5685,3.88,14.05859637,41.89404721,1.407836767,3.442724979,45.056,36.24879012,6.09004434,3.964185366
288,490810.3592,3.89,13.90487418,42.17899331,1.400942964,3.45246338,45.184,36.70520232,6.107271185,3.975480361
289,492076.15,3.90,14.13206797,41.75787832,1.41113376,3.46450623,45.341,37.25797484,6.12857451,3.989293525
290,493341.9407,3.91,14.23029438,41.5758151,1.415539282,3.489439363,45.67,38.42662501,6.172680237,4.018220881
291,494607.7314,3.92,14.05989228,41.89167947,1.407898726,3.498069725,45.783,38.82550947,6.187947006,4.028159353
292,495873.5222,3.93,14.01689169,41.97139363,1.405971816,3.508826976,45.924,39.32403882,6.206976157,4.040566291
293,497139.3129,3.94,13.9741089,42.05070424,1.404054734,3.519558224,46.065,39.82130735,6.22595931,4.052942654
294,498405.1037,3.95,14.22710725,41.58175512,1.415402055,3.544330028,46.392,40.98288158,6.269779652,4.081696213
295,499670.8944,3.96,14.04682479,41.91593503,1.407318788,3.552832507,46.503,41.375873,6.284820202,4.091490059
296,500936.6851,3.97,13.91625816,42.15796218,1.401465135,3.562262216,46.617,41.75405948,6.301500985,4.1015297
297,502202.4759,3.98,13.98563894,42.02936611,1.404578901,3.574007451,46.77,42.29331402,6.322277841,4.115002748
298,503468.2666,3.99,14.14999328,41.72472594,1.411949819,3.598666919,47.095,43.44777556,6.365899463,4.143597276
299,504734.0574,4.00,14.12420663,41.77253233,1.410794924,3.607051318,47.205,43.8353163,6.380731135,4.153251645
300,505999.8481,4.01,13.70941619,42.54032278,1.392954948,3.312745222,43.416,30.3617128,5.86011529,3.81988346
301,507265.6388,4.02,13.83971578,42.29993038,1.398281278,3.334846457,43.668,31.28531039,5.899211499,3.842105506
302,508531.4296,4.03,14.11627255,41.78727457,1.410548357,3.365102606,44.052,32.68133605,5.952733431,3.875863923
303,509797.2203,4.04,13.94113168,42.11191727,1.402642754,3.375257831,44.179,33.13939563,5.970697623,3.887068578
304,511063.0111,4.05,14.06265656,41.88666275,1.408065788,3.387036643,44.331,33.68112152,5.991533875,3.900439282
305,512328.8018,4.06,14.07380827,41.86599935,1.40855484,3.398443741,44.485,34.24175226,6.01171258,3.91395528
306,513594.5925,4.07,14.17617479,41.6762581,1.41314048,3.423711016,44.818,35.42522618,6.056409391,3.943224749
307,514860.3833,4.08,14.00798777,41.98802161,1.405597741,3.432600418,44.934,35.83547469,6.072134392,3.9534399
308,516126.174,4.09,13.8834473,42.21888127,1.400013523,3.442432478,45.054,36.23350386,6.089526916,3.963981146
309,517391.9648,4.10,13.9520402,42.09174352,1.403090895,3.454487021,45.211,36.78709037,6.110850927,3.97780995
310,518657.7555,4.11,14.20196085,41.6284905,1.414297441,3.479467126,45.54,37.95781189,6.155039745,4.006786349
311,519923.5462,4.12,14.02455157,41.95734984,1.406343845,3.488192084,45.654,38.36101734,6.17047385,4.016831565
312,521189.337,4.13,13.98365805,42.03315929,1.4045116,3.499024867,45.796,38.86296694,6.189636615,4.029322682
313,522455.1277,4.14,13.94296269,42.10860154,1.402688297,3.509832545,45.938,39.36369667,6.20875497,4.041784244
314,523720.9185,4.15,14.04191617,41.92518524,1.407126576,3.534656989,46.265,40.52756689,6.252668429,4.070592716
315,524986.7092,4.16,14.01535562,41.97442658,1.40593706,3.543259706,46.378,40.92513697,6.267886296,4.080499653
316,526252.4999,4.17,13.97483494,42.04954509,1.404121628,3.553968393,46.518,41.42136398,6.28682954,4.092848933
317,527518.2907,4.18,13.83121465,42.31577387,1.397683568,3.563553339,46.645,41.87039704,6.303784929,4.103972523
318,528784.0814,4.19,14.03919206,41.93026493,1.407010791,3.589333472,46.984,43.07392908,6.349388965,4.133822626
319,530049.8722,4.20,13.86268706,42.25745078,1.399097568,3.597838062,47.095,43.46662471,6.364433249,4.143611772
320,531315.6629,4.21,13.64394152,42.66147945,1.390035044,3.303956612,43.3,29.94822703,5.844568585,3.809694983
321,532581.4536,4.22,13.76659627,42.43558763,1.395026376,3.325631794,43.548,30.85176953,5.882911126,3.831478156
322,533847.2444,4.23,13.9376517,42.118521,1.402567382,3.354729578,43.918,32.20079438,5.934383955,3.864033527
323,535113.0351,4.24,13.76558855,42.43746993,1.394801763,3.364775324,44.044,32.65415992,5.952154481,3.875132999
324,536378.8259,4.25,13.84033226,42.29892749,1.398126908,3.377666124,44.209,33.24076663,5.974957797,3.889702572
325,537644.6166,4.26,13.95375116,42.08869481,1.403199685,3.389116501,44.358,33.76957101,5.995213061,3.902809077
326,538910.4073,4.27,14.05710621,41.8971168,1.407828941,3.414424752,44.691,34.95495471,6.039982356,3.932119239
327,540176.1981,4.28,13.88187305,42.22194735,1.399971426,3.423382231,44.809,35.36986394,6.055827783,3.942431549
328,541441.9888,4.29,13.84310082,42.29382553,1.398233223,3.434434542,44.953,35.88166445,6.075378884,3.95516371
329,542707.7795,4.30,13.70091986,42.55738925,1.391859638,3.444370181,45.084,36.3468776,6.092954636,3.966683698
330,543973.5703,4.31,14.05068114,41.90905513,1.407542148,3.470426355,45.427,37.56313622,6.139046978,3.996842672
331,545239.361,4.32,13.87759868,42.22990013,1.39978288,3.479250515,45.543,37.97055258,6.154656567,4.006997696
332,546505.1518,4.33,13.86073688,42.26116368,1.399028207,3.490118381,45.676,38.41526836,6.173881394,4.018706854
333,547770.9425,4.34,13.82199252,42.33299042,1.397292554,3.50099329,45.818,38.91904144,6.193118676,4.031242029
334,549036.7332,4.35,13.921069,42.149342,1.401735592,3.525863327,46.146,40.08490541,6.237112789,4.060095059
335,550302.524,4.36,13.89654785,42.19480344,1.400637594,3.53455494,46.26,40.48653477,6.252487909,4.070101242
336,551568.3147,4.37,13.85803399,42.26620294,1.39891231,3.545334441,46.401,40.9859764,6.271556419,4.08252835
337,552834.1055,4.38,13.82129645,42.33430981,1.397266678,3.556091844,46.542,41.48538869,6.29058584,4.094944102
338,554099.8962,4.39,13.95558062,42.08539666,1.403287934,3.580841212,46.868,42.64564691,6.334366493,4.12366245
339,555365.6869,4.40,13.73164397,42.50051162,1.393250243,3.588395978,46.974,43.03368942,6.347730575,4.132919626
340,556631.4777,4.41,13.60140591,42.7401356,1.388139386,3.296151844,43.205,29.63450819,5.830762259,3.801350458
341,557897.2684,4.42,13.85840964,42.26550515,1.399155343,3.331378387,43.634,31.18776099,5.893076622,3.83909502
342,559163.0592,4.43,13.72848704,42.50638514,1.393217738,3.343757077,43.783,31.74447153,5.914974035,3.852196199
343,560428.8499,4.44,13.83239042,42.31378774,1.397820658,3.357343515,43.955,32.35897485,5.939007906,3.867351985
344,561694.6406,4.45,13.82539384,42.32676419,1.397482213,3.369149801,44.099,32.84349755,5.959892759,3.879980734
345,562960.4314,4.46,14.07264829,41.86843677,1.408554701,3.394626679,44.434,34.03521707,6.004960349,3.909428003
346,564226.2221,4.47,13.90345412,42.18207798,1.400966255,3.403783703,44.553,34.45831969,6.021158762,3.919938912
347,565492.0129,4.48,13.86677397,42.25007868,1.399320636,3.414947243,44.699,34.97494549,6.040906623,3.93278598
348,566757.8036,4.49,13.83269398,42.31325957,1.397792952,3.426052054,44.844,35.48905971,6.060550594,3.945575974
349,568023.5943,4.50,13.83349149,42.31178804,1.397829363,3.450095888,45.162,36.62108644,6.103083186,3.973533143
350,569289.3851,4.51,13.90673775,42.17601801,1.401114458,3.460010874,45.291,37.07500867,6.120622404,3.984889729
351,570555.1758,4.52,13.86966614,42.24474448,1.399453008,3.471009421,45.435,37.5841957,6.140078399,3.997563518
352,571820.9666,4.53,13.8325414,42.31356952,1.397790031,3.481968988,45.579,38.09185352,6.159465438,4.010195601
353,573086.7573,4.54,13.93189658,42.12940073,1.402244854,3.506902142,45.908,39.2605303,6.203571203,4.039122326
354,574352.548,4.55,13.76176623,42.44477953,1.394619956,3.515694996,46.023,39.66681316,6.219125413,4.049245646
355,575618.3388,4.56,13.87334124,42.23795843,1.399622504,3.526559498,46.165,40.17013353,6.238344287,4.061771147
356,576884.1295,4.57,13.85756099,42.26721704,1.398916366,3.537369789,46.298,40.61519487,6.257467265,4.073445923
357,578149.9203,4.58,13.95961536,42.07804391,1.403492063,3.562185726,46.625,41.77841748,6.301365676,4.102235998
358,579415.711,4.59,13.78998143,42.39250343,1.395889597,3.570869103,46.739,42.17962747,6.316726227,4.11223127
359,580681.5017,4.60,13.75341261,42.4602983,1.394251667,3.581621637,46.879,42.67775688,6.335747034,4.12462566
360,581947.2925,4.61,13.39486385,43.1227475,1.378918269,3.288931632,43.104,29.25599451,5.81798999,3.792470514
361,583213.0832,4.62,13.79114762,42.39028734,1.39615989,3.323818376,43.53,30.79901559,5.879703261,3.829936825
362,584478.874,4.63,13.65692574,42.639172,1.390032759,3.336020448,43.677,31.34845506,5.901288244,3.842881684
363,585744.6647,4.64,13.63961233,42.67127805,1.389204578,3.348551666,43.837,31.91978604,5.923455472,3.856907737
364,587010.4554,4.65,13.70814844,42.54423833,1.392252011,3.361378784,44.002,32.50447461,5.946146136,3.871429178
365,588276.2462,4.66,13.81582987,42.34463305,1.397066849,3.386891288,44.337,33.69763523,5.991276747,3.900917098
366,589542.0369,4.67,13.78808002,42.39608012,1.395818825,3.396097636,44.457,34.12200214,6.007562413,3.911470924
367,590807.8276,4.68,13.75354519,42.46010474,1.394269542,3.407306099,44.604,34.64174334,6.027389742,3.924384296
368,592073.6184,4.69,13.73869074,42.48764729,1.393603704,3.418427515,44.741,35.10230993,6.047063085,3.936452181
369,593339.4091,4.70,13.83860807,42.30243366,1.39808265,3.443524373,45.071,36.27838871,6.091458436,3.965552018
370,594605.1999,4.71,13.67077682,42.61355443,1.390561267,3.452501395,45.189,36.6930889,6.107338433,3.975882406
371,595870.9906,4.72,13.77361569,42.42292477,1.395171572,3.463535099,45.333,37.20415587,6.126856619,3.988597981
372,597136.7813,4.73,13.7851099,42.40162378,1.395687832,3.474549739,45.483,37.74874752,6.146341081,4.001769513
373,598402.5721,4.74,13.88462216,42.21716027,1.40014906,3.499515294,45.812,38.918358,6.190504161,4.030723589
374,599668.3628,4.75,13.71725768,42.52741659,1.392648942,3.508379263,45.928,39.32785741,6.206184172,4.040926807
375,600934.1536,4.76,13.68198002,42.59281852,1.391068975,3.519299036,46.071,39.83368868,6.225500817,4.053514201
376,602199.9443,4.77,13.784266,42.40321288,1.395654466,3.530197367,46.214,40.33846091,6.244779534,4.066076015
377,603465.735,4.78,13.88933489,42.20844811,1.400364625,3.555052032,46.542,41.50337979,6.288746453,4.094912916
378,604731.5258,4.79,13.77953102,42.41200254,1.395444534,3.563808537,46.656,41.90687959,6.304236364,4.104977981
379,605997.3165,4.80,13.6530713,42.64643299,1.389777977,3.573679095,46.786,42.36861442,6.321696992,4.116421289
380,607263.1073,4.81,13.42320391,43.07007338,1.380187731,3.282570806,43.019,28.94499592,5.806737941,3.784944116
381,608528.898,4.82,13.6996352,42.56149713,1.392042184,3.315680855,43.418,30.39289656,5.865308307,3.820107311
382,609794.6887,4.83,13.66310556,42.62803441,1.390383047,3.327827951,43.572,30.96891123,5.88679604,3.833651038
383,611060.4795,4.84,13.65786694,42.63759506,1.390070276,3.340825041,43.737,31.5531373,5.909787379,3.848139147
384,612326.2702,4.85,13.88273765,42.22072293,1.40010974,3.368241291,44.095,32.82877019,5.95828564,3.879597635
385,613592.061,4.86,13.70469099,42.55078037,1.392114225,3.377529104,44.214,33.25412144,5.974715415,3.890139519
386,614857.8517,4.87,13.80878845,42.35781436,1.396771938,3.388939942,44.363,33.7809651,5.994900737,3.903221233
387,616123.6424,4.88,13.77566542,42.41922221,1.395284697,3.400221434,44.51,34.30247664,6.014857249,3.91618806
388,617389.4332,4.89,13.87868154,42.22826087,1.399900615,3.425427826,44.843,35.48507626,6.05944636,3.945428854
389,618655.2239,4.90,13.71854051,42.52512984,1.392724043,3.434471051,44.961,35.90253483,6.075443467,3.955828945
390,619921.0147,4.91,13.68442678,42.58837447,1.391195895,3.445578821,45.106,36.41675057,6.095092673,3.968625564
391,621186.8054,4.92,13.7859399,42.40019901,1.395746082,3.456659805,45.251,36.92970163,6.114694496,3.981392108
392,622452.5961,4.93,13.77136266,42.42722754,1.395093772,3.467688223,45.388,37.38856731,6.13420333,3.993383132
393,623718.3869,4.94,13.89960983,42.18949293,1.400842109,3.493145477,45.724,38.58523461,6.179236206,4.022956956
394,624984.1776,4.95,13.70726674,42.54605799,1.392223408,3.501618992,45.835,38.97633471,6.194225519,4.032703855
395,626249.9684,4.96,13.67579758,42.60440033,1.390814204,3.512576298,45.978,39.48378464,6.213608561,4.045330235
396,627515.7591,4.97,13.68675259,42.58409805,1.391306207,3.522613822,46.11,39.95233811,6.231364543,4.056949206
397,628781.5498,4.98,13.87915225,42.22743868,1.399930068,3.548454236,46.45,41.15990645,6.277075214,4.086874761
398,630047.3406,4.99,13.71231497,42.53672269,1.392453854,3.557250593,46.565,41.56581555,6.292635621,4.096991439
399,631313.1313,5.00,13.67864723,42.59914079,1.39094614,3.568117442,46.708,42.06896718,6.311858648,4.109511312